----------------------------------------
------------- Populacao--------------
----------------------------------------

-----locais publicos-----
INSERT INTO local_publico VALUES(-16.42028, -77.05105, 'Great Pyramid at Giza');
INSERT INTO local_publico VALUES(22.98867, 168.93520, 'Statue of Liberty');
INSERT INTO local_publico VALUES(1.71489, 112.47988, 'Eiffel Tower');
INSERT INTO local_publico VALUES(55.15752, 28.38989, 'Ayers Rock (Uluru)');
INSERT INTO local_publico VALUES(51.1357, 11.4315, 'Mt. Kilimanjaro');
INSERT INTO local_publico VALUES(52.1657, 11.4915, 'Taj Mahal');
INSERT INTO local_publico VALUES(40.1257, 11.4515, 'Golden Gate Bridge');
INSERT INTO local_publico VALUES(44.70563, -58.91010, 'Machu Picchu');
INSERT INTO local_publico VALUES(26.83238, 159.26574, 'Brandenburg Gate');
INSERT INTO local_publico VALUES(52.53851, 139.7690, 'Burj Khalifa');
INSERT INTO local_publico VALUES(40.51990, 52.53851, 'CN Tower');
INSERT INTO local_publico VALUES(16.28078, -117.40156, 'Mt. Fuji');
INSERT INTO local_publico VALUES(64.13310, 26.91412, 'St. Basils Cathedral');
INSERT INTO local_publico VALUES(21.58018, 139.63136, 'Blue Mosque');
INSERT INTO local_publico VALUES(5.49277, 49.37945, 'Feitoria');
INSERT INTO local_publico VALUES(37.5665, 126.9780, 'Belcanto');
INSERT INTO local_publico VALUES(41.2351, 2.1034, 'La Sagrada Familia');
INSERT INTO local_publico VALUES(50.5029, 5.9, 'Royal Museums of Fine Arts of Belgium');
INSERT INTO local_publico VALUES(52.1326, 5.2913, 'Rijksmuseum');
INSERT INTO local_publico VALUES(51.1657, 10.4515, 'Museum fur Naturkundek');
INSERT INTO local_publico VALUES(22.8757, 21.2315, 'grunes gewolbe');
INSERT INTO local_publico VALUES(40.9257, 11.1925, 'Vila do Conde');
INSERT INTO local_publico VALUES(79.80389, -49.98699, 'Taberna da Rua das Flores');
INSERT INTO local_publico VALUES(36.67535, -43.75511, 'Os Gazeteiros');
INSERT INTO local_publico VALUES(38.08663, 165.81538, 'Enoteca De Belem');
INSERT INTO local_publico VALUES(29.32172, 166.66313, 'Ramiro');
INSERT INTO local_publico VALUES(-5.87628, -174.70018, 'Tokyo Tower');
INSERT INTO local_publico VALUES(40.62454, 40.62454, 'Forno dOro');
INSERT INTO local_publico VALUES(32.3251, 94.04950, 'Ha Tapas no Mercado');
INSERT INTO local_publico VALUES(60.5339, -177.70518, 'Ha Tapas no Mercado');
INSERT INTO local_publico VALUES(32.1326, 142.13299, 'Rijksmuseum');
INSERT INTO local_publico VALUES(53.1669, 64.22153, 'Trato32');
INSERT INTO local_publico VALUES(52.4696, -85.39622, 'Casa do Rafa');
INSERT INTO local_publico VALUES(40.1654, 63.76850, 'Porteira');
INSERT INTO local_publico VALUES(9.32172, 166.66313, 'Rio de Mouro');

-----items-----
INSERT INTO item VALUES(1, 'simple island and is truly an architectural sight', 'Phoenix (AZ), United States', -16.42028, -77.05105);
INSERT INTO item VALUES(2, 'Its charm is matched by the backdrop of clear blue skies', 'PARAMARIBO, Suriname', 22.98867, 168.93520);
INSERT INTO item VALUES(3, 'mimic the aesthetics of the blue skies around them', 'Syracuse (NY), United States', 1.71489, 112.47988);
INSERT INTO item VALUES(4, 'Its this multicultural identity that has truly left its mark', 'Tulsa (OK), United States', 55.15752, 28.38989);
INSERT INTO item VALUES(5, 'A bola de plastico e verde', 'Jackson (MS), United States', 51.1357, 11.4315);
INSERT INTO item VALUES(6, 'Coconut', 'Quetzaltenango, Guatemala', 52.1657, 11.4915);
INSERT INTO item VALUES(7, 'Dialeto de Portugues', 'Sincelejo, Colombia', 40.1257, 11.4515);
INSERT INTO item VALUES(8, 'Mobi dick', 'Iasi, Romania', 44.70563, -58.91010);
INSERT INTO item VALUES(9, 'Lorde dos Aneis', 'Volta Redonda, Brazil', 44.70563, -58.91010);
INSERT INTO item VALUES(10, 'Harry dos Potes', 'Ormoc, Philippines', 26.83238, 159.26574);
INSERT INTO item VALUES(11, 'Placas Amarelas', 'Batam, Indonesia',52.53851, 139.7690);
INSERT INTO item VALUES(12, 'Barbatanas Azuis', 'Bawshar, Oman', 40.51990, 52.53851);
INSERT INTO item VALUES(13, 'Deus', 'Katowice, Poland',16.28078, -117.40156);
INSERT INTO item VALUES(14, 'Bolo de chocolate', 'Varna, Bulgaria',64.13310, 26.91412);
INSERT INTO item VALUES(15, 'Torta de Laranja', 'Kanazawa, Japan',21.58018, 139.63136);
INSERT INTO item VALUES(16, 'Batata moida', 'Katowice, Poland', 5.49277, 49.37945);
INSERT INTO item VALUES(17, 'Cenoura', 'Al-Hasakeh, Syria', 37.5665, 126.9780);
INSERT INTO item VALUES(18, 'Varinhas da papel', 'Fuzhou (Fujian), China', 41.2351, 2.1034);
INSERT INTO item VALUES(19, 'Varinhas de plastico', 'Cheboksary, Russia', 50.5029, 5.9);
INSERT INTO item VALUES(20, 'Varinhas de vidro', 'Dordrecht, Netherlands',52.1326, 5.2913);
INSERT INTO item VALUES(21, 'Varinhas de aco', 'Saitama, Japan', 51.1657, 10.4515);
INSERT INTO item VALUES(22, 'Varinhas de gelationa', 'Oakland (CA), United States', 22.8757, 21.2315);
INSERT INTO item VALUES(23, 'Velocidade Furiosa', 'Palma de Mallorca, Spain', 40.9257, 11.1925);
INSERT INTO item VALUES(24, 'Lolita', 'England', -5.87628, -174.70018);
INSERT INTO item VALUES(25, 'Supercalifragilisticsprialidosson', 'Daegu (Taegu), South Korea', 79.80389, -49.98699);
INSERT INTO item VALUES(26, 'Cruel Summer', 'Ontario (CA), United States',36.67535, -43.75511);
INSERT INTO item VALUES(27, 'The Man', 'Caloocan, Philippines', 38.08663, 165.81538);
INSERT INTO item VALUES(28, 'Lover', 'Mashhad, Iran', 9.32172, 166.66313);
INSERT INTO item VALUES(29, 'Papper Cuts', 'Dallas (TX), United States',-5.87628, -174.70018);
INSERT INTO item VALUES(30, 'English Boy', 'LISBON, Portugal',40.62454, 40.62454);
INSERT INTO item VALUES(31, 'simple island and is truly an architectural sight', 'Phoenix (AZ), United States', -16.42028, -77.05105);
INSERT INTO item VALUES(32, 'Its charm is matched by the backdrop of clear blue skies', 'PARAMARIBO, Suriname', 22.98867, 168.93520);
INSERT INTO item VALUES(33, 'mimic the aesthetics of the blue skies around them', 'Syracuse (NY), United States', 1.71489, 112.47988);
INSERT INTO item VALUES(34, 'Its this multicultural identity that has truly left its mark', 'Tulsa (OK), United States', 55.15752, 28.38989);
INSERT INTO item VALUES(35, 'Cocsonut', 'England', 52.1657, 11.4915);
INSERT INTO item VALUES(36, 'Coconut', 'States', 51.1657, 10.4515);
INSERT INTO item VALUES(37, 'Coconut', 'Poland', 60.5339, -177.70518);
INSERT INTO item VALUES(38, 'Coconut', 'Julian', 53.1669, 64.22153);
INSERT INTO item VALUES(39, 'Coconut', 'Vietnam', 52.4696, -85.39622);
INSERT INTO item VALUES(40, 'Coconut', 'Jamaica', 40.1654, 63.76850);

-----anomalias-----
INSERT INTO anomalia VALUES(1, '((2 , 2),(4 , 4))', 'http://www.example.org/balance.html', 'AR', '2012-03-12 12:00', 'Verde nao se ve', false);
INSERT INTO anomalia VALUES(2, '((5 , 4),(2 , 3))', 'http://www.example.com/basket', 'EN', '2013-02-09 23:00', 'Preto esta em branco', true);
INSERT INTO anomalia VALUES(3, '((2 , 3),(5 , 9))', 'https://www.example.com/?brake=basket&authority=bath', 'ID', '2014-08-22 13:00', 'Ilegivel', true);
INSERT INTO anomalia VALUES(4, '((4 , 29),(19 , 29))', 'https://www.example.com/?arithmetic=approval&airport=brick', 'USA', '2015-04-20 23:31', 'Pouco cheiro', true);
INSERT INTO anomalia VALUES(5, '((43 , 22),(20 , 38))', 'http://www.example.com/basketball', 'EL', '2015-09-29 22:32', 'Cortou me a cara', true);
INSERT INTO anomalia VALUES(6, '((50 , 90),(92 , 12))', 'https://appliance.example.org/board.php', 'PT', '2016-12-20 01:21', 'Ricardo', false);
INSERT INTO anomalia VALUES(7, '((20 , 72),(98 , 9))', 'http://birds.example.com/', 'BG', '2017-02-03 02:22', 'Bolachas sem sabor', true);
INSERT INTO anomalia VALUES(8, '((1 , 1),(3 , 3))', 'https://brass.example.com/bell/ants.htm', 'BR', '2018-04-13 03:51', 'Poliester branco', true);
INSERT INTO anomalia VALUES(9, '((1 , 1),(1 , 1))', 'https://www.example.com/', 'KO', '2019-07-21', 'Marco branco devia ser preto', false);
INSERT INTO anomalia VALUES(10, '((2 , 4),(3 , 9))', 'https://example.com/basketball.phpants', 'LV', '2018-05-29 04:32', 'Nao houve forma de usar o chapeu', true);
INSERT INTO anomalia VALUES(11, '((3 , 9),(3 , 2))', 'http://boundary.example.com/arch/behavior#basketball', 'PL', '2018-09-25 03:21', 'Mau ambiente', false);
INSERT INTO anomalia VALUES(12, '((2 , 5),(9 , 8))', 'http://www.example.com/arch/badge?branch=agreement', 'RO', '2018-03-22 02:22', 'Portas abertas quando deviam estar fechadas', false);
INSERT INTO anomalia VALUES(13, '((3 , 2),(5 , 6))', 'https://www.example.com/book', 'RU', '2019-01-20', 'cama desconfortavel 03:33', true);
INSERT INTO anomalia VALUES(14, '((9 , 9),(10 , 10))', 'http://example.com/', 'USA', '2019-02-21 02:22', 'macaca e azul', true);
INSERT INTO anomalia VALUES(15, '((38 , 32),(50 , 27))', 'https://www.example.com/?blood=box', 'ES', '2019-02-23 03:32', 'Bolo deformado', false);
INSERT INTO anomalia VALUES(16, '((22 , 26),(59 , 32))', 'http://www.example.com/bed', 'VI', '2019-03-25 04:21', 'Acucar salgado', false);
INSERT INTO anomalia VALUES(17, '((19 , 32),(23 , 80))', 'http://www.example.com/bottle.aspx?arithmetic=bait&book=book', 'DE', '2019-03-28 12:21', 'Maus pravier', false);
INSERT INTO anomalia VALUES(18, '((31 , 31),(23 , 22))', 'http://www.example.com/board.php#apparelsoso', 'JA', '2019-04-02 13:22', 'Toliedeisna', true);
INSERT INTO anomalia VALUES(19, '((38 , 81),(82 , 92))', 'http://example.edu/ole', 'RO', '2019-04-23 14:22', 'Error, nao percebo', true);
INSERT INTO anomalia VALUES(20, '((32 , 33),(24 , 23))', 'http://www.exskample.com/board.php#apparel', 'JA', '2019-05-02 15:22', 'tokiohotel', true);
INSERT INTO anomalia VALUES(21, '((33 , 02),(23 , 42))', 'http://ksks.edu/ola', 'RO', '2019-05-23 16:22', 'Error, nao percebo', true);
INSERT INTO anomalia VALUES(22, '((31 , 31),(23 , 22))', 'http://www.opsos.com/board.php#apparelllo', 'JA', '2019-06-02 17:34', 'riodemouro', false);
INSERT INTO anomalia VALUES(23, '((28 , 21),(22 , 22))', 'http://exammolople.edu/loco', 'RO', '2019-06-23 19:22', 'Error, nao percebo', true);
INSERT INTO anomalia VALUES(24, '((31 , 31),(23 , 22))', 'http://www.jjdjd.com/board.php#apparel', 'JA', '2019-07-02 23:12', 'tio da fia', false);
INSERT INTO anomalia VALUES(25, '((38 , 81),(82 , 92))', 'http://example.edu/', 'RO', '2019-07-23', 'via percebo', true);
INSERT INTO anomalia VALUES(26, '((31 , 31),(23 , 22))', 'http://www.example.com/board.php#apparel', 'JA', '2019-08-02 22:32', 'morte', false);
INSERT INTO anomalia VALUES(27, '((38 , 21),(82 , 92))', 'http://djkd.edu/', 'RO', '2019-08-23', 'estou confuso', false);
INSERT INTO anomalia VALUES(28, '((41 , 31),(23 , 22))', 'http://www.jsj.com/board.php#apparel', 'JA', '2019-09-02 23:42', 'nao entendi nada', false);
INSERT INTO anomalia VALUES(29, '((28 , 41),(82 , 92))', 'http://cos.edu/', 'RO', '2019-09-23', 'dialeto', true);
INSERT INTO anomalia VALUES(30, '((31 , 31),(23 , 22))', 'http://www.dk.com/board.php#apparel', 'JA', '2019-10-02 15:23', 'ricardo', false);
INSERT INTO anomalia VALUES(31, '((28 , 81),(82 , 92))', 'http://mol.edu/', 'RO', '2019-10-23', 'mirandela', true);
INSERT INTO anomalia VALUES(32, '((91 , 31),(13 , 32))', 'http://www.es.com/board.php#apparel', 'JA', '2019-11-02 17:22', 'vestido azul mas supostamente e verdo', false);
INSERT INTO anomalia VALUES(33, '((54 , 41),(22 , 72))', 'http://low.edu/', 'RO', '2019-12-23', 'sem comprensao', true);

INSERT INTO anomalia VALUES(34, '((54 , 41),(22 , 72))', 'http://low.edu/', 'RO', '2019-12-23', 'sem comprensao', true);
INSERT INTO anomalia VALUES(35, '((54 , 41),(22 , 72))', 'http://low.edu/', 'RO', '2019-12-23', 'sem comprensao', true);
INSERT INTO anomalia VALUES(36, '((54 , 41),(22 , 72))', 'http://low.edu/', 'RO', '2019-12-23', 'sem comprensao', true);
INSERT INTO anomalia VALUES(37, '((54 , 41),(22 , 72))', 'http://low.edu/', 'RO', '2019-12-23', 'sem comprensao', true);
INSERT INTO anomalia VALUES(38, '((54 , 41),(22 , 72))', 'http://low.edu/', 'RO', '2019-12-23', 'sem comprensao', true);
INSERT INTO anomalia VALUES(39, '((54 , 41),(22 , 72))', 'http://low.edu/', 'RO', '2019-12-23', 'sem comprensao', true);
INSERT INTO anomalia VALUES(40, '((54 , 41),(22 , 72))', 'http://low.edu/', 'RO', '2019-12-23', 'sem comprensao', true);
INSERT INTO anomalia VALUES(41, '((54 , 41),(22 , 72))', 'http://low.edu/', 'RO', '2019-12-23', 'sem comprensao', true);
INSERT INTO anomalia VALUES(42, '((54 , 41),(22 , 72))', 'http://low.edu/', 'RO', '2019-12-23', 'sem comprensao', true);
INSERT INTO anomalia VALUES(43, '((54 , 41),(22 , 72))', 'http://low.edu/', 'RO', '2019-12-23', 'sem comprensao', true);
INSERT INTO anomalia VALUES(44, '((54 , 41),(22 , 72))', 'http://low.edu/', 'RO', '2019-12-23', 'sem comprensao', true);
INSERT INTO anomalia VALUES(45, '((54 , 41),(22 , 72))', 'http://low.edu/', 'RO', '2019-12-23', 'sem comprensao', true);
INSERT INTO anomalia VALUES(46, '((54 , 41),(22 , 72))', 'http://low.edu/', 'RO', '2019-12-23', 'sem comprensao', true);
INSERT INTO anomalia VALUES(47, '((54 , 41),(22 , 72))', 'http://low.edu/', 'RO', '2019-12-23', 'sem comprensao', true);

INSERT INTO anomalia VALUES(48, '((9 , 9),(10 , 10))', 'http://example.com/', 'USA', '2019-02-21 02:22', 'macaca e azul', false);
INSERT INTO anomalia VALUES(49, '((38 , 32),(50 , 27))', 'https://www.example.com/?blood=box', 'ES', '2019-02-23 03:32', 'Bolo deformado', false);
INSERT INTO anomalia VALUES(50, '((22 , 26),(59 , 32))', 'http://www.example.com/bed', 'VI', '2019-03-25 04:21', 'Acucar salgado', false);
INSERT INTO anomalia VALUES(51, '((19 , 32),(23 , 80))', 'http://www.example.com/bottle.aspx?arithmetic=bait&book=book', 'DE', '2019-03-28 12:21', 'Maus pravier', false);
INSERT INTO anomalia VALUES(52, '((9 , 9),(10 , 10))', 'http://example.com/', 'USA', '2019-02-21 02:22', 'macaca e azul', false);
INSERT INTO anomalia VALUES(53, '((38 , 32),(50 , 27))', 'https://www.example.com/?blood=box', 'ES', '2019-02-23 03:32', 'Bolo deformado', false);
INSERT INTO anomalia VALUES(54, '((22 , 26),(59 , 32))', 'http://www.example.com/bed', 'VI', '2019-03-25 04:21', 'Acucar salgado', false);
INSERT INTO anomalia VALUES(55, '((19 , 32),(23 , 80))', 'http://www.example.com/bottle.aspx?arithmetic=bait&book=book', 'DE', '2019-03-28 12:21', 'Maus pravier', false);
INSERT INTO anomalia VALUES(56, '((9 , 9),(10 , 10))', 'http://example.com/', 'USA', '2019-02-21 02:22', 'macaca e azul', false);
INSERT INTO anomalia VALUES(57, '((38 , 32),(50 , 27))', 'https://www.example.com/?blood=box', 'ES', '2019-02-23 03:32', 'Bolo deformado', false);
INSERT INTO anomalia VALUES(58, '((22 , 26),(59 , 32))', 'http://www.example.com/bed', 'VI', '2019-03-25 04:21', 'Acucar salgado', false);
INSERT INTO anomalia VALUES(59, '((19 , 32),(23 , 80))', 'http://www.example.com/bottle.aspx?arithmetic=bait&book=book', 'DE', '2019-03-28 12:21', 'Maus pravier', false);

-----anomalias de traducao-----
INSERT INTO anomalia_traducao VALUES(1, '((2 , 2),(4 , 4))', 'PT');
INSERT INTO anomalia_traducao VALUES(6, '((200 , 290),(292 , 212))','PT');
INSERT INTO anomalia_traducao VALUES(9, '((1 , 1),(1 , 1))', 'PL');
INSERT INTO anomalia_traducao VALUES(11, '((3 , 9),(3 , 2))','BR');
INSERT INTO anomalia_traducao VALUES(12, '((2 , 5),(9 , 8))', 'ES');
INSERT INTO anomalia_traducao VALUES(15, '((38 , 32),(50 , 21))', 'VI');
INSERT INTO anomalia_traducao VALUES(16, '((22 , 26),(59 , 31))', 'DE');
INSERT INTO anomalia_traducao VALUES(17, '((19 , 32),(23 , 81))', 'JA');
INSERT INTO anomalia_traducao VALUES(22, '((31 , 31),(23 , 21))', 'VI');
INSERT INTO anomalia_traducao VALUES(24, '((31 , 31),(23 , 21))', 'DE');
INSERT INTO anomalia_traducao VALUES(26, '((31 , 31),(23 , 21))', 'RO');
INSERT INTO anomalia_traducao VALUES(27, '((38 , 21),(82 , 91))', 'JA');
INSERT INTO anomalia_traducao VALUES(28, '((41 , 31),(23 , 21))', 'RO');
INSERT INTO anomalia_traducao VALUES(30, '((31 , 31),(23 , 21))', 'RO');
INSERT INTO anomalia_traducao VALUES(32, '((91 , 31),(13 , 31))', 'RO');

INSERT INTO anomalia_traducao VALUES(48, '((9 , 9),(10 , 20))', 'PT');
INSERT INTO anomalia_traducao VALUES(49, '((38 , 32),(50 , 37))', 'PT');
INSERT INTO anomalia_traducao VALUES(50, '((22 , 26),(59 , 42))', 'PT');
INSERT INTO anomalia_traducao VALUES(51, '((19 , 32),(23 , 50))', 'PT');
INSERT INTO anomalia_traducao VALUES(52, '((9 , 9),(10 , 50))', 'PT');
INSERT INTO anomalia_traducao VALUES(53, '((38 , 32),(50 , 27))','PT');
INSERT INTO anomalia_traducao VALUES(54, '((22 , 26),(59 , 42))', 'PT');
INSERT INTO anomalia_traducao VALUES(55, '((19 , 32),(23 , 50))', 'PT');
INSERT INTO anomalia_traducao VALUES(56, '((9 , 9),(10 , 30))', 'PT');
INSERT INTO anomalia_traducao VALUES(57, '((38 , 32),(50 , 27))','PT');
INSERT INTO anomalia_traducao VALUES(58, '((22 , 26),(59 , 32))', 'PT');
INSERT INTO anomalia_traducao VALUES(59, '((19 , 32),(23 , 40))', 'PT');

-----utilizadores-----
SELECT create_user('rafafigoalexandre@gmail.com', 'Xhm8k4en&F2*qwTJ', true);
SELECT create_user('sarapatmachado@gmail.com', 'xS3S=FFxUL#shS^!', true);
SELECT create_user('ricardoGrade@gmail.com', 'ZZfZ*&k6KBDb9ZhG', true);
SELECT create_user('OTAjhw@mailgator.org', '=L5y@u$-bL@nLBAY', true);
SELECT create_user('jaKrtv@mailgator.org', 'x$gzt-ytHbzUJR3Z', true);
SELECT create_user('iPrLSZ@mailgator.org', '^Zy7Vp-Vej872VWp?H8B_R49Ah', true);
SELECT create_user('jsFZpp@mailgator.org', '^n?^?2Nk7MdWYsM#', true);
SELECT create_user('KhnbEX@mailgator.org', '63UMgYNvUWWqf=%m', true);
SELECT create_user('UKpyoG@mailgator.org', 'cE^C5_W!AA2=vqZR', true);
SELECT create_user('dQpjlz@mailgator.org', 'EyT!8aKG&32F@X=S', true);
SELECT create_user('uvRhXe@mailgator.org', '4_@YBZJY7P_NpgC7', true);
SELECT create_user('TPrKPj@mailgator.org', 'C^Z&2XMyxR=nBfXr', true);
SELECT create_user('xzyWTW@mailgator.org', 'tnnb4f?Jw#2g*Ya-', true);
SELECT create_user('zBDDaf@mailgator.org', 'UnXtQsGjUxp%=2S7', true);
SELECT create_user('STJguI@mailgator.org', 'y3Yde+L=Jz3PQk%$', false);
SELECT create_user('aKaleN@mailgator.org', 'vq6c#VJ=RsK#v+%W', false);
SELECT create_user('LrzZNq@mailgator.org', 'KP6!$Ee_d3Umf9Y*', false);
SELECT create_user('DILwTm@mailgator.org', 'Y=PKUTZWTh9FWu6k', false);
SELECT create_user('FWBlkU@mailgator.org', 'RYcGe@Ya8#YnN=8!', false);
SELECT create_user('RmKMfj@mailgator.org', 'q%F6T#N4y9pd5?9m', false);
SELECT create_user('MUnaKN@mailgator.org', 'H&D7CPh+9ytu@WJk', false);
SELECT create_user('wPHTLS@mailgator.org', 'v2Zb_3uMbdqgTYHp', false);
SELECT create_user('wmTlbT@mailgator.org', 'nSZh2Lv7S@9_^T99', false);
SELECT create_user('NKLOdA@mailgator.org', 'nSZh2Lv7S@9_^T99', false);
SELECT create_user('IhKxli@mailgator.org', 'v2Zb_3uMbdqgTYHp', false);
SELECT create_user('foADOn@mailgator.org', 'H&D7CPh+9ytu@WJk', false);
SELECT create_user('ffOIoU@mailgator.org', 'qG=xM6?L9mLwAV$b', false);
SELECT create_user('yWIOkh@mailgator.org', 'qsG=xM6?L9mLwAV$b', false);
SELECT create_user('mEueBc@mailgator.org', 'RgDKDu9d8yCM+dpm', false);
SELECT create_user('TjRWVg@mailgator.org', 'v2Zb_3uMbdqgTYHp', false);
SELECT create_user('USZFvs@mailgator.org', 'HKEAAQ#UpaHb8m+*', false);
SELECT create_user('sUppoR@mailgator.org', 'Ps^e6S7#ra8^WEtu', false);
SELECT create_user('AmOGMv@mailgator.org', '7D?3+ev2^c!LwLQ*', false);
SELECT create_user('GokzGR@mailgator.org', 'bKaLxYCG39=XmZje', false);
SELECT create_user('AuDrar@mailgator.org', '8@z9ygXN^*rj4XQ3', false);
SELECT create_user('bgVQVC@mailgator.org', 'S5$ftDzpYg$^D7B#', false);
SELECT create_user('LtZepD@mailgator.org', '7RGQz9?99Z?nTbF@', false);

-----incidencias-----
-- Query 2
INSERT INTO incidencia VALUES(48, 4, 'STJguI@mailgator.org');
INSERT INTO incidencia VALUES(49, 5, 'STJguI@mailgator.org');
INSERT INTO incidencia VALUES(50, 6, 'STJguI@mailgator.org');
INSERT INTO incidencia VALUES(51, 7, 'aKaleN@mailgator.org');
INSERT INTO incidencia VALUES(52, 9, 'aKaleN@mailgator.org');
INSERT INTO incidencia VALUES(53, 11, 'AmOGMv@mailgator.org');
INSERT INTO incidencia VALUES(54, 12, 'AmOGMv@mailgator.org');
INSERT INTO incidencia VALUES(55, 14, 'STJguI@mailgator.org');
INSERT INTO incidencia VALUES(56, 18, 'AuDrar@mailgator.org');
INSERT INTO incidencia VALUES(57, 19, 'AuDrar@mailgator.org');
INSERT INTO incidencia VALUES(58, 20, 'GokzGR@mailgator.org');
INSERT INTO incidencia VALUES(59, 21, 'LtZepD@mailgator.org');

-- Query 3
INSERT INTO incidencia VALUES(13, 4, 'rafafigoalexandre@gmail.com');
INSERT INTO incidencia VALUES(14, 5, 'rafafigoalexandre@gmail.com');
INSERT INTO incidencia VALUES(15, 6, 'rafafigoalexandre@gmail.com');
INSERT INTO incidencia VALUES(16, 7, 'rafafigoalexandre@gmail.com');
INSERT INTO incidencia VALUES(17, 8, 'rafafigoalexandre@gmail.com');
INSERT INTO incidencia VALUES(18, 9, 'rafafigoalexandre@gmail.com');
INSERT INTO incidencia VALUES(19, 11, 'rafafigoalexandre@gmail.com');
INSERT INTO incidencia VALUES(20, 12, 'rafafigoalexandre@gmail.com');
INSERT INTO incidencia VALUES(21, 14, 'rafafigoalexandre@gmail.com');
INSERT INTO incidencia VALUES(22, 18, 'rafafigoalexandre@gmail.com');
INSERT INTO incidencia VALUES(23, 19, 'rafafigoalexandre@gmail.com');
INSERT INTO incidencia VALUES(24, 20, 'rafafigoalexandre@gmail.com');
INSERT INTO incidencia VALUES(25, 21, 'rafafigoalexandre@gmail.com');
INSERT INTO incidencia VALUES(26, 30, 'rafafigoalexandre@gmail.com');
INSERT INTO incidencia VALUES(27, 23, 'rafafigoalexandre@gmail.com');
INSERT INTO incidencia VALUES(28, 25, 'rafafigoalexandre@gmail.com');
INSERT INTO incidencia VALUES(29, 34, 'rafafigoalexandre@gmail.com');
INSERT INTO incidencia VALUES(30, 35, 'rafafigoalexandre@gmail.com');
INSERT INTO incidencia VALUES(31, 36, 'rafafigoalexandre@gmail.com');
INSERT INTO incidencia VALUES(32, 37, 'rafafigoalexandre@gmail.com');
INSERT INTO incidencia VALUES(33, 38, 'rafafigoalexandre@gmail.com');
INSERT INTO incidencia VALUES(34, 39, 'rafafigoalexandre@gmail.com');
INSERT INTO incidencia VALUES(35, 40, 'rafafigoalexandre@gmail.com');

--- Query 4
INSERT INTO incidencia VALUES(46, 3, 'rafafigoalexandre@gmail.com');
INSERT INTO incidencia VALUES(47, 10, 'rafafigoalexandre@gmail.com');

INSERT INTO incidencia VALUES(36, 16, 'sarapatmachado@gmail.com');
INSERT INTO incidencia VALUES(37, 17, 'sarapatmachado@gmail.com');

INSERT INTO incidencia VALUES(38, 26, 'OTAjhw@mailgator.org');
INSERT INTO incidencia VALUES(39, 26, 'jaKrtv@mailgator.org');
INSERT INTO incidencia VALUES(40, 26, 'iPrLSZ@mailgator.org');

INSERT INTO incidencia VALUES(41, 27, 'KhnbEX@mailgator.org');
INSERT INTO incidencia VALUES(42, 28, 'KhnbEX@mailgator.org');

INSERT INTO incidencia VALUES(43, 31, 'UKpyoG@mailgator.org');
INSERT INTO incidencia VALUES(44, 32, 'UKpyoG@mailgator.org');
INSERT INTO incidencia VALUES(45, 33, 'UKpyoG@mailgator.org');

-- Norte
INSERT INTO incidencia VALUES(1, 5, 'sarapatmachado@gmail.com');
INSERT INTO incidencia VALUES(2, 5, 'rafafigoalexandre@gmail.com');
INSERT INTO incidencia VALUES(3, 5, 'UKpyoG@mailgator.org');
INSERT INTO incidencia VALUES(4, 5, 'KhnbEX@mailgator.org');

-----Propostas de Correacao-----
INSERT INTO proposta_de_correcao VALUES('rafafigoalexandre@gmail.com', 1, '2019-09-22 22:12', 'bug fixed');
INSERT INTO proposta_de_correcao VALUES('rafafigoalexandre@gmail.com', 2, '2019-09-23 23:15', 'new bug fixed');

INSERT INTO proposta_de_correcao VALUES('sarapatmachado@gmail.com', 1, '2019-09-22 22:12', 'bug fixed');
INSERT INTO proposta_de_correcao VALUES('sarapatmachado@gmail.com', 2, '2019-09-23 23:15', 'new bug fixed');

INSERT INTO proposta_de_correcao VALUES('OTAjhw@mailgator.org', 1, '2019-07-25 03:14', 'vector fixed');
INSERT INTO proposta_de_correcao VALUES('jaKrtv@mailgator.org', 1, '2019-07-25 03:14', 'vector fixed');
INSERT INTO proposta_de_correcao VALUES('KhnbEX@mailgator.org', 1, '2019-07-25 03:14', 'vector fixed');

-----Correcoes-----
INSERT INTO correcao VALUES('rafafigoalexandre@gmail.com', 1, 46);
INSERT INTO correcao VALUES('rafafigoalexandre@gmail.com', 2, 47);

INSERT INTO correcao VALUES('sarapatmachado@gmail.com', 1, 36);
INSERT INTO correcao VALUES('sarapatmachado@gmail.com', 2, 37);

INSERT INTO correcao VALUES('OTAjhw@mailgator.org', 1, 38);
INSERT INTO correcao VALUES('jaKrtv@mailgator.org', 1, 39);
INSERT INTO correcao VALUES('KhnbEX@mailgator.org', 1, 27);
